{
  "sessions": 50,
  "steps": 15,
  "seed": 42,
  "baseline_mean_acc": 0.045333333333333344,
  "trained_mean_acc": 0.034666666666666665,
  "mean_improvement": -0.010666666666666666,
  "ci_95": [
    -0.026221724436479743,
    0.004888391103146412
  ],
  "t_test": {
    "t_stat": -1.344043010064494,
    "p_value": 0.1851247559867737
  },
  "wilcoxon": {
    "w_stat": 174.0,
    "p_value": 0.9098221281609689
  }
}